first,last,id,phone,address
Wendy,Knight,81,1-591-680-0815,9673 Massa. Rd.
Octavia,Davenport,8,1-965-456-4881,"P.O. Box 788, 1755 Nunc Avenue"
Katelyn,Simmons,51,1-531-584-8972,Ap #119-8123 Consectetuer St.
Latifah,Valencia,60,1-753-856-9744,"Ap #244-7183 Ornare, Av."
Kylie,Santos,24,1-618-235-4170,Ap #877-453 Risus St.
Rebecca,Rice,100,1-431-110-0808,900-7231 Nunc Rd.
Silas,Sexton,41,1-286-377-2994,768-7402 Arcu. Av.
Ria,Foster,56,1-483-112-9569,Ap #132-9419 Mus. Ave
Dante,Mercado,51,1-322-622-8225,"P.O. Box 147, 645 Integer Av."
Demetrius,Calhoun,33,1-716-183-3642,"Ap #121-8490 Consequat, Rd."
Tallulah,Ball,6,1-960-838-5994,"P.O. Box 474, 4245 Risus. St."
Glenna,Sosa,65,1-692-226-0244,835-5105 Nunc Avenue
Abra,Buckner,10,1-760-643-5155,107-4121 Augue. Avenue
Nasim,Phelps,55,1-479-934-9635,812-824 Faucibus Road
Ifeoma,Decker,47,1-412-208-8727,274-4854 Quisque Rd.
Leandra,Olsen,99,1-144-957-1518,"P.O. Box 971, 8828 Urna. Rd."
Briar,Abbott,41,1-640-159-3399,4847 Convallis Avenue
Chase,Klein,78,1-553-229-0046,Ap #178-3998 Elit Rd.
Yen,Stone,16,1-984-628-2840,"P.O. Box 689, 1445 Ac St."
Hasad,Riley,79,1-543-820-0927,263-1404 Dolor Rd.
Nadine,Newton,74,1-207-246-5192,284-2170 Tortor. Rd.
Amir,Simmons,81,1-813-360-7230,Ap #552-9170 Porta Street
Kimberly,Walls,91,1-732-316-2464,"P.O. Box 293, 6885 Sed Street"
Laurel,Nelson,8,1-178-288-0857,3394 Arcu. Rd.
Macy,Horton,74,1-679-530-2599,"P.O. Box 114, 6026 Quis Av."
Simon,Clarke,68,1-691-385-7370,Ap #917-2309 Aenean Av.
Yolanda,Buckley,51,1-717-484-4834,214-9036 Mollis. Ave
Helen,Benson,30,1-493-177-8002,4234 Enim Av.
Quinlan,Mcclain,25,1-251-474-3618,265-2913 Proin Rd.
Alexa,Steele,8,1-202-785-8899,612-4273 Libero Avenue
Buckminster,Huffman,58,1-209-246-5937,Ap #802-405 In Ave
Gillian,Fitzpatrick,73,1-819-801-1253,"3253 Elit, Ave"
Florence,Tucker,63,1-462-500-1427,3612 Semper Rd.
Maite,Davis,79,1-716-664-9565,"Ap #382-520 Eu, Rd."
Merrill,Keith,69,1-497-714-0078,Ap #146-530 Dis Ave
Ariana,Oneal,58,1-390-300-9482,6457 Nec Street
Tatyana,Barber,8,1-178-980-5842,Ap #396-1101 Eu Street
Hanna,Cash,48,1-344-938-5495,517-6203 Sociis Street
Hayfa,Higgins,30,1-690-158-2228,540-2291 Faucibus. Street
Kenneth,Schroeder,53,1-426-519-7332,"Ap #430-180 Et, Avenue"
Hall,Aguilar,69,1-279-173-8826,"P.O. Box 792, 4864 Vestibulum Street"
Porter,Chambers,69,1-990-834-0196,"1188 Vitae, St."
Cally,Schmidt,63,1-595-489-6093,Ap #963-7996 Velit Road
Audrey,Bullock,63,1-936-107-0019,733-1394 Integer Avenue
Olivia,Crawford,62,1-880-658-5303,908-6819 Sem Rd.
Macon,Sanford,29,1-781-321-6457,Ap #102-3989 Malesuada Street
Joelle,Garner,29,1-997-337-0907,"P.O. Box 340, 2470 Dui Ave"
Nelle,Green,100,1-964-430-1236,"P.O. Box 703, 6347 Praesent Rd."
Tate,Mcfadden,70,1-333-899-4378,"P.O. Box 744, 9146 Libero Av."
Barclay,Scott,67,1-248-503-5347,4717 Feugiat Street
Kylynn,Mccall,45,1-271-496-9186,6613 Egestas Rd.
Keefe,Kline,2,1-345-569-6903,"P.O. Box 945, 7678 Dis Rd."
Lila,Osborn,35,1-867-999-0642,"P.O. Box 459, 4164 Nascetur Road"
Burke,Beasley,27,1-807-385-6577,Ap #750-4513 Mi. Avenue
Leigh,Steele,44,1-828-116-1150,"Ap #634-6933 Eu, Street"
Isaac,Hamilton,18,1-678-539-8684,298-4487 Neque Ave
Lacota,Powell,78,1-119-526-5789,413-3903 Conubia Ave
Chava,Rojas,16,1-808-983-9363,"P.O. Box 331, 8082 A, Avenue"
Brenna,Wade,29,1-986-821-9975,1732 Proin Avenue
Sylvester,Riggs,42,1-358-716-5772,"603-9442 Urna, Ave"
Duncan,Campbell,46,1-297-303-2065,848-5692 Ante. Rd.
TaShya,Barr,46,1-854-451-3351,"P.O. Box 979, 2239 Sem Rd."
Bruno,Kinney,79,1-585-412-7825,136-2922 Integer Street
Stella,Rivas,35,1-453-837-7307,6087 Senectus Av.
Gage,Wilson,47,1-341-211-1411,547-4275 Eget Rd.
Kibo,Lucas,86,1-822-385-7983,757-1765 Suspendisse Street
Natalie,Sargent,31,1-225-649-0955,680-586 Sit Rd.
Garth,Guzman,95,1-237-166-5291,"P.O. Box 884, 4269 Aliquet St."
Marny,Pittman,41,1-489-147-9418,Ap #564-491 Interdum Rd.
Bertha,Sheppard,66,1-658-451-7093,Ap #575-1647 Curabitur Rd.
Cherokee,Mercado,91,1-641-496-2903,Ap #195-6141 Ligula Avenue
Sasha,Gillespie,35,1-976-621-2855,5385 Lacinia St.
Lesley,Riggs,70,1-185-120-7215,649-6261 Facilisis Avenue
Noel,Hodges,76,1-412-942-3036,747-5088 Arcu Ave
Anika,Palmer,2,1-590-871-5719,5031 Ac Ave
Reed,Hodge,83,1-166-793-9177,5330 Adipiscing St.
Adele,Mclaughlin,93,1-224-578-0496,Ap #591-8036 Risus Av.
Brandon,Fowler,57,1-669-150-7145,"7489 Auctor, Av."
Kaden,Valenzuela,18,1-921-578-9666,5529 Nullam St.
Elijah,Daniels,56,1-337-595-6122,"P.O. Box 236, 2218 Et, Rd."
Alan,Dawson,75,1-324-445-1970,369-1504 Elit. St.
Lunea,Taylor,1,1-228-621-5853,"516-1716 Eu, Street"
Bo,Mcguire,20,1-754-336-5822,"726-9328 Et, Avenue"
Arden,Porter,87,1-707-994-3593,"P.O. Box 444, 766 Magna. Avenue"
Fredericka,Beard,90,1-545-186-4438,Ap #669-5734 Nunc Street
Timothy,Bradshaw,14,1-784-902-4827,5375 Lectus Ave
Kamal,Wooten,14,1-788-816-9488,3498 Dolor Street
Gloria,Mcintyre,40,1-779-556-4925,885-7357 Mi Street
Daniel,Hodge,1,1-545-814-7833,Ap #458-7365 Augue Avenue
Madaline,Harvey,95,1-340-201-4182,1380 Ac Ave
Bo,Arnold,82,1-319-645-6206,4519 Purus St.
Gregory,Pennington,10,1-662-235-9048,8891 Lorem Av.
Aquila,Roth,70,1-215-117-5606,Ap #714-5777 Quisque Street
Brennan,Mcdowell,39,1-862-969-2092,"Ap #980-9173 Quis, Avenue"
Aristotle,Pierce,8,1-157-363-3072,Ap #645-3964 Faucibus Rd.
Joel,Cobb,34,1-503-747-8679,"P.O. Box 633, 6331 Dolor. Ave"
Finn,Stout,43,1-352-148-6146,"P.O. Box 233, 1348 Feugiat Av."
Acton,Mcfarland,9,1-754-420-0966,221-208 Ac Avenue
Latifah,Wilkinson,84,1-929-800-6075,521-6538 Commodo Street
Tanner,Welch,98,1-432-374-3113,"P.O. Box 984, 5778 Praesent St."